{
  "run_id": "20251116_010607",
  "pck_r": 0.9876160990712074,
  "pck_r_percent": 99.0,
  "R": 13.0,
  "n_train_images": 167,
  "n_val_images": 19,
  "train_share": 0.8978494623655914,
  "val_share": 0.10215053763440861,
  "n_manual_localities": 14,
  "best_epoch": 99,
  "device": "cuda"
}