{
  "run_id": "20251120_013222",
  "pck_r": 0.20168067226890757,
  "pck_r_percent": 20.0,
  "n_train_images": 372,
  "n_val_images": 42,
  "train_share": 0.8985507246376812,
  "val_share": 0.10144927536231885,
  "n_manual_localities": 29
}