{
  "run_id": "20251120_133816",
  "pck_r": 0.02661064425770308,
  "pck_r_percent": 3.0,
  "n_train_images": 32,
  "n_val_images": 42,
  "train_share": 0.43243243243243246,
  "val_share": 0.5675675675675675,
  "n_manual_localities": 26
}